{"Train/Acc": 0.49889724961079396, "round": 4, "_runtime": 90, "_timestamp": 1631724941, "_step": 19, "Train/Loss": 2.0361842834905417, "Test/Acc": 0.507665174331841, "Test/Loss": 2.0331286943811135}