{"Train/Acc": 0.49819992215879605, "round": 4, "_runtime": 56, "_timestamp": 1631725565, "_step": 19, "Train/Loss": 2.0186387990607644, "Test/Acc": 0.5031881698548365, "Test/Loss": 2.014775967908478}