{"Train/Acc": 0.2411617799688635, "round": 0, "_runtime": 66, "_timestamp": 1635189313, "_step": 3, "Train/Loss": 2.225677122629224, "Test/Acc": 0.24460724460724462, "Test/Loss": 2.2261727205401214}