{"Train/Acc": 0.460787493513233, "round": 4, "_runtime": 97, "_timestamp": 1635189177, "_step": 19, "Train/Loss": 2.0722436334282452, "Test/Acc": 0.4642517975851309, "Test/Loss": 2.0734158912194727}